{
    "LVC": {
        "SHOOT the binding": 26.024772726811,
        "achieve this elusive": 24.700867756741808,
        "manipulate the wildlife": 24.439810226089847,
        "offset the darker": 24.024772726811,
        "remove the bindings": 24.024772726811,
        "Wish that Anthony": 23.898535506871717,
        "Add some French": 23.501618538160958,
        "grab a beer": 22.824678372319397,
        "steal the 42": 22.50121077075399,
        "invoke the spirit": 22.11788213120248
    },
    "NC2": {
        "gordon willis": 20.73998574816305,
        "Smoking Barrels": 20.73998574816305,
        "sadahiv amrapurkar": 20.73998574816305,
        "nihilism nothingness": 20.73998574816305,
        "tomato sauce": 20.73998574816305,
        "Picket Fences": 20.73998574816305,
        "deja vu": 19.73998574816305,
        "cargo bay": 19.73998574816305,
        "zoo souvenir": 19.155023247441893,
        "cake frosting": 19.155023247441893
    },
    "NC3": {},
    "ANC2": {
        "bite-sized chunks": 20.73998574816305,
        "lizardly snouts": 20.73998574816305,
        "behind-the-scenes featurette": 20.73998574816305,
        "hidebound conservatives": 20.73998574816305,
        "judicious pruning": 20.73998574816305,
        "substantial gauge": 19.73998574816305,
        "haggish airheads": 19.73998574816305,
        "global warming": 19.73998574816305,
        "Ukrainian flags": 19.155023247441893,
        "well-lit sights": 19.155023247441893
    },
    "ANC3": {},
    "VPC": {
        "upside down": 12.673896557705278,
        "Stay away": 12.489687330256716,
        "put together.": 11.615864436333862,
        "sit through": 10.932923610488164,
        "ratchet up": 10.82859376031959,
        "shoot'em up": 10.82859376031959,
        "rip off": 10.719204186026548,
        "hunt down": 10.673896557705278,
        "screw up": 10.413556261040748,
        "scorch out": 10.403479188352796
    },
    "NP": {
        "every penny": 12.779983816094969,
        "THE END": 12.067560406191555,
        "A JOKE": 11.785789437776176,
        "A LOT": 11.048823843609968,
        "Either way": 11.033489730101863,
        "An absolute": 10.717617935134596,
        "half hour": 10.647669057572031,
        "no qualms": 10.468522720258676,
        "every cliche": 10.458055721207607,
        "another user": 10.368209103825127
    }
}